FamilyCaseID,RoundNumber
Hol034382,11
Hol026601,11
Hol011576A,11
Hol027185,11
Hol031799,11
Hol016210,11
Hol034154,11
Hol022228A,11
Hol039167A,11
Hol027878,11
Hol034350,11
Hol022559,11
Hol022999,11
Hol025965,11
Hol025801,11
Hol012783,11
Hol012535A,11
Hol036202,11
Hol012713A,11
Hol041062,11
Hol040226,11
Hol007353,11
Hol026844,11
Hol021799,11
Hol006257,11
Hol026399B,11
Hol039864,11
Hol031331A,11
Hol035355,11
Hol026910,11
Hol034951,11
Hol035902,11
Hol037483,11
Hol037441,11
Hol039069,11
Hol037012,11
Hol026478,11
Hol026476,11
Hol030134,11
Hol025993,11
Hol025767,11
Hol025792,11
Hol025762,11
hol020518,11
Hol026470,11
Hol032806,11
Hol034856,11
Hol026881,11
Hol023140B,11
Hol033381,11
Hol026625,11
hol036690,11
Hol019307,11
Hol020358,11
hol024293,11
Hol032457,11
Hol031983,11
Hol022255,11
Hol027791,11
Hol025832,11
Hol034806,11
Hol019327,11
Hol025153B,11
Hol037602,11
Hol031529,11
Hol023352,11
Hol023051,11
Hol026060,11
Hol033551,11
Hol037048,11
Hol024622,11
Hol029246,11
Hol040880,11
Hol034073,11
Hol040649,11
Hol032818,11
Hol032817,11
Hol030241,11
Hol027355,11
Hol040476,11
Hol026817,11
Hol034891,11
Hol034911,11
Hol025285,11
Hol033440,11
Hol032340,11
Hol024777,11
Hol033131,11
Hol025307,11
Hol026822,11
Hol017430,11
Hol027336,11
Hol035950,11
Hol026803,11
Hol035002,11
Hol039672,11
Hol040382,11
Hol028372,11
Hol028370,11
Hol026461,11
Hol029581,11
Hol022790A,11
Hol022790B,11
Hol017148,11
Hol023531,11
Hol030785,11
Hol022900,11
Hol019385,11
Hol024676,11
Hol020216,11
Hol024080,11
