FamilyCaseID,Note
hol020757,
hol021059,
hol021071,
Hol021084A,
hol021084B,
hol021117,
Hol021150A,
hol021150B,
hol021180,
hol021187,
hol021192,
hol021290,
hol021309,
hol021317,
hol021322,
hol021394,
hol021407,
hol021418,
hol021420A,
hol021420B,
hol021430,
Hol021434A,
hol021434B,
hol021437,
hol021445,
hol021476,
hol021542,
hol021634,
hol021646B,
hol021646A,
hol021650,
hol021676,
Hol021687A,
hol021687B,
hol021689,
Hol021694A,
Hol021694B,
hol021742,
hol021922,
hol021948,
hol021978,
hol022049,
hol022056,
hol022158,
hol022437,
hol022438,
hol023794,
hol023864,
hol023971,
hol024021,
hol024664,
hol025626,
hol025636,
hol025809,
hol025855,
hol026241,
hol026414,
hol026538,
hol026580,
hol026606,
hol026610,
hol026658,
hol026659,
hol026672,
hol026681,
hol026705,
hol026765,
hol027360,
hol027416,
hol027417,
hol027745,
hol027808,
hol027948,
hol028508,
hol028585,
hol028689,
hol028730,
hol028731,
hol028899,
hol029198,
hol029666,
hol029756,
hol029811,
hol029839,
hol030237,
hol030239,
hol030260,
hol030304,
hol030523,
hol030566,
hol030615,
hol030827,
hol031061,
hol031062,
hol031202,
hol031360,
hol031517,
hol031572,
hol031594,
hol031600,
hol031632,
hol031636,
hol031648,
hol031672,
hol031964,
hol032055,
hol032058,
hol032062,
hol032289,
hol032686,
hol032697,
hol032704,
hol032724,
hol032787,
hol033044,
hol033111,
hol033142,
hol033329,
hol033333,
hol033523,
hol033603,
hol033620,
hol033698,
hol033842,
hol033868,
hol034085,
hol034098,
hol034103,
hol034117,
hol034164,
hol034680,
hol034840,
hol035088,
hol035132,
hol035143,
hol035195,
hol035385,
hol035439,
hol035444,
hol035678,
hol035707,
hol035827,
hol036240,
hol036242,
hol036243,
hol036323,
hol036378,
hol036386,
hol036413,
hol036414,
hol036430,
hol036490,
hol037034,
hol037436,
hol037496,
hol037775,
hol038108,
hol038114,
hol038272,
hol038316,
hol038383,
hol038859,
hol038901,
hol039529,
hol039535,
hol039577,
hol039935,
hol040564,
hol040852,
